Designator,Mid X,Mid Y,Layer,Rotation
P13,-2.2352mm,-54.3560mm,T,270
JP24,-5.4864mm,24.5110mm,T,360
JP4,-8.9490mm,-121.6516mm,T,360
R11,-9.0961mm,-32.3980mm,B,180
R9,-9.0961mm,-36.9700mm,B,180
R8,-9.0961mm,-33.9220mm,B,360
R5,-9.0961mm,-35.4460mm,B,360
R111,-11.9634mm,-97.5614mm,T,360
C102,-11.9634mm,-97.5614mm,B,180
R119,-12.6492mm,-100.4570mm,T,90
R118,-13.5382mm,-103.0224mm,T,180
L22,-14.1774mm,-108.3129mm,T,90
R117,-14.4018mm,-100.4570mm,T,90
D6,-14.7574mm,15.3670mm,T,90
R110,-15.0430mm,-97.5360mm,T,180
C101,-15.0430mm,-97.5360mm,B,360
C25,-17.2340mm,-20.5740mm,T,90
C8,-17.6950mm,-3.7338mm,T,90
C46,-17.7651mm,-48.7810mm,T,270
R109,-18.0086mm,-97.5360mm,T,360
C100,-18.0086mm,-97.5360mm,B,180
C5,-18.1940mm,-31.6230mm,B,90
S1,-18.5354mm,23.4380mm,T,180
R116,-18.6436mm,-100.4570mm,T,90
C34,-18.7960mm,-52.0700mm,T,270
C12,-19.2190mm,-3.7338mm,B,90
C15,-19.3294mm,-45.4914mm,T,180
C28,-19.5200mm,-20.5740mm,B,90
R115,-19.5326mm,-103.0224mm,T,180
C42,-19.5431mm,-48.7810mm,B,270
C4,-19.8450mm,-31.6230mm,B,90
U13,-19.9390mm,-90.6272mm,T,90
U12,-19.9390mm,-77.7685mm,T,90
L21,-20.2132mm,-108.3129mm,T,90
L2,-20.2730mm,-4.2418mm,T,180
L5,-20.3200mm,-20.9550mm,T,180
R114,-20.3708mm,-100.4570mm,T,90
L10,-20.5486mm,-48.3362mm,T,180
C19,-20.8741mm,-34.8110mm,B,180
C14,-20.8741mm,-34.8110mm,T,360
C10,-20.8741mm,-36.4620mm,B,360
C6,-20.8741mm,-36.4620mm,T,180
R108,-21.0490mm,-97.5360mm,T,180
C99,-21.0490mm,-97.5360mm,B,360
L6,-21.2090mm,-51.5620mm,T,0
R6,-21.2360mm,-53.7210mm,T,0
C13,-21.2510mm,-3.7338mm,B,90
C27,-21.2980mm,-20.5740mm,B,90
C41,-21.5751mm,-48.7810mm,B,270
R15,-21.8440mm,-17.5260mm,T,180
L1,-22.5040mm,-31.1150mm,B,360
R13,-22.6060mm,-25.0190mm,T,180
R2,-22.6060mm,-0.6858mm,T,180
R1,-22.6060mm,-8.1788mm,T,180
C11,-22.8180mm,-3.7338mm,B,90
C7,-22.8180mm,-3.7338mm,T,90
C26,-22.8220mm,-20.5740mm,B,90
C24,-22.8220mm,-20.5740mm,T,90
C47,-22.9721mm,-48.7810mm,T,270
C43,-22.9721mm,-48.7810mm,B,270
C143,-23.0124mm,18.4150mm,B,90
C138,-23.0124mm,18.4150mm,T,270
C33,-23.7110mm,-52.1970mm,B,270
C29,-23.7110mm,-52.1970mm,T,270
R107,-24.1630mm,-97.5360mm,T,360
C98,-24.1630mm,-97.5360mm,B,180
R113,-24.8920mm,-100.4570mm,T,90
C3,-25.1790mm,-31.7500mm,B,90
R112,-25.7556mm,-103.0224mm,T,180
L30,-25.8318mm,17.6650mm,T,180
L29,-25.8318mm,19.1650mm,T,180
C16,-26.2411mm,-45.8600mm,B,45
L20,-26.2438mm,-108.3129mm,T,90
R105,-26.5430mm,-100.4570mm,T,90
C103,-26.9240mm,-82.3454mm,T,90
C96,-26.9240mm,-73.0504mm,T,90
C95,-26.9240mm,-87.1171mm,T,90
R106,-27.2110mm,-97.5360mm,T,180
C97,-27.2110mm,-97.5360mm,B,360
L3,-27.4320mm,-43.9166mm,B,135
C142,-27.8384mm,18.5420mm,T,270
U3,-28.1940mm,-21.2090mm,T,180
U1,-28.1940mm,-4.3688mm,T,180
JP27,-28.6004mm,24.5110mm,T,0
C17,-29.2862mm,-42.5704mm,B,45
C167,-29.3624mm,18.5420mm,T,90
JP3,-30.1344mm,-121.6516mm,T,360
C18,-30.3022mm,-41.6052mm,B,45
U2,-30.6456mm,-42.2910mm,T,315
R96,-30.9880mm,-97.5360mm,T,360
C93,-30.9880mm,-97.5360mm,B,180
R303,-31.5976mm,17.9420mm,T,270
R104,-31.6484mm,-100.4570mm,T,90
C21,-32.4641mm,-29.4770mm,T,90
R103,-32.5374mm,-103.0224mm,T,180
L19,-33.2078mm,-108.3129mm,T,90
R102,-33.4010mm,-100.4570mm,T,90
R14,-33.6071mm,-51.7020mm,T,90
C38,-33.6550mm,-20.4470mm,T,90
C35,-33.6550mm,-20.4470mm,B,90
C22,-33.6550mm,-3.7338mm,T,90
C20,-33.6550mm,-3.7338mm,B,90
R95,-34.0676mm,-97.5360mm,T,180
C92,-34.0868mm,-97.5360mm,B,360
R7,-34.7726mm,-8.1534mm,T,360
R17,-34.7980mm,-23.6220mm,T,180
R16,-34.7980mm,-17.3990mm,T,360
R3,-34.7980mm,-0.5588mm,T,0
L4,-36.0680mm,-4.3688mm,T,180
L8,-36.1950mm,-20.8280mm,T,180
R94,-37.0332mm,-97.5360mm,T,360
C91,-37.0332mm,-97.5106mm,B,180
C9,-37.4171mm,-49.9240mm,B,90
C1,-37.4171mm,-49.9240mm,T,270
R101,-37.6428mm,-100.4570mm,T,90
C2,-37.9984mm,-28.3464mm,T,270
C23,-38.3540mm,-3.7338mm,T,90
R100,-38.5318mm,-103.0224mm,T,180
C44,-38.6871mm,-35.8270mm,T,270
C40,-38.6871mm,-35.8270mm,B,270
C39,-38.8620mm,-20.4470mm,T,90
C37,-38.8981mm,-33.1630mm,T,270
C32,-38.8981mm,-33.1630mm,B,270
U11,-38.9890mm,-90.6272mm,T,90
U10,-38.9890mm,-77.7685mm,T,90
S2,-39.2364mm,23.4380mm,T,180
L18,-39.2436mm,-108.3129mm,T,90
R99,-39.3700mm,-100.4570mm,T,90
R93,-40.0736mm,-97.5360mm,T,180
C90,-40.0736mm,-97.5106mm,B,360
R10,-40.4651mm,-45.2250mm,T,90
C31,-40.6761mm,-33.1600mm,B,270
D7,-41.2242mm,16.3322mm,T,270
R12,-41.4811mm,-39.0020mm,T,180
R4,-41.4811mm,-37.7320mm,T,180
L9,-41.4811mm,-35.4460mm,T,180
L7,-41.5651mm,-32.7170mm,T,0
C30,-42.4541mm,-33.1600mm,B,270
R92,-43.1876mm,-97.5360mm,T,360
C89,-43.1876mm,-97.5106mm,B,180
R98,-43.8912mm,-100.4570mm,T,90
C36,-44.1051mm,-33.1630mm,T,270
C45,-44.1481mm,-35.8270mm,T,270
R97,-44.7548mm,-103.0224mm,T,180
L17,-45.2742mm,-108.3129mm,T,90
R90,-45.5422mm,-100.4570mm,T,90
R91,-46.2356mm,-97.5360mm,T,180
C88,-46.2356mm,-97.5106mm,B,360
C94,-46.3296mm,-87.1171mm,T,270
C87,-46.3296mm,-73.0504mm,T,90
C86,-46.3296mm,-82.3454mm,T,270
C140,-47.2774mm,23.1760mm,B,90
C139,-47.2774mm,23.1760mm,T,270
R141,-50.0634mm,-97.5614mm,T,360
C120,-50.0634mm,-97.5614mm,B,180
R149,-50.7238mm,-100.4570mm,T,90
R291,-50.7746mm,23.0124mm,T,270
R329,-50.9524mm,7.0612mm,T,180
JP6,-51.3198mm,-121.6516mm,T,360
R148,-51.6128mm,-103.0224mm,T,180
L28,-52.2832mm,-108.3129mm,T,90
R147,-52.4764mm,-100.4570mm,T,90
C119,-53.1430mm,-97.5614mm,B,360
R140,-53.1430mm,-97.5614mm,T,180
D5,-53.5940mm,-14.0716mm,T,90
R300,-54.8640mm,-18.0086mm,T,270
C118,-56.1086mm,-97.5614mm,B,180
R139,-56.1086mm,-97.5614mm,T,360
R146,-56.7182mm,-100.4570mm,T,90
C157,-57.5310mm,-37.0840mm,T,180
C151,-57.5564mm,-29.7434mm,T,270
C150,-57.5818mm,-35.0266mm,B,180
R145,-57.6072mm,-103.0224mm,T,180
U17,-58.0644mm,-90.6272mm,T,90
U16,-58.0644mm,-77.7685mm,T,90
L27,-58.3190mm,-108.3129mm,T,90
R144,-58.4454mm,-100.4570mm,T,90
R138,-59.1490mm,-97.5614mm,T,180
C117,-59.1490mm,-97.5614mm,B,360
R137,-62.2630mm,-97.5614mm,T,360
C116,-62.2630mm,-97.5614mm,B,180
R143,-62.9666mm,-100.4570mm,T,90
U33,-63.2714mm,-30.9245mm,T,180
U34,-63.2714mm,-39.0144mm,T,180
U35,-63.7794mm,-20.5994mm,T,180
R142,-63.8302mm,-103.0224mm,T,180
L26,-64.3496mm,-108.3129mm,T,90
R135,-64.6938mm,-100.4570mm,T,90
C113,-65.2272mm,-82.3454mm,T,270
C121,-65.2272mm,-87.1171mm,T,270
C114,-65.2272mm,-73.0504mm,T,90
C115,-65.3110mm,-97.5614mm,B,360
R136,-65.3110mm,-97.5614mm,T,180
C152,-67.9704mm,-39.0794mm,T,270
R126,-68.8086mm,-97.5614mm,T,360
C111,-68.8086mm,-97.5614mm,B,180
R302,-69.1134mm,-26.1874mm,T,180
R301,-69.1134mm,-18.6944mm,T,360
R299,-69.1134mm,-24.7904mm,T,360
R298,-69.1134mm,-21.3614mm,T,180
L33,-69.1134mm,-23.0124mm,T,180
C166,-69.1134mm,-17.1704mm,T,180
C164,-69.1134mm,-19.9644mm,T,360
R134,-69.4690mm,-100.4570mm,T,90
R297,-69.5706mm,-37.6794mm,T,270
C156,-69.7778mm,-28.3195mm,T,270
C153,-70.0278mm,-31.0395mm,T,90
R133,-70.3580mm,-103.0224mm,T,180
R296,-71.0184mm,-37.6794mm,T,270
L25,-71.0284mm,-108.3129mm,T,90
R132,-71.2216mm,-100.4570mm,T,90
R295,-71.8058mm,-29.5895mm,T,270
C155,-71.8058mm,-29.5895mm,B,90
C110,-71.8882mm,-97.5614mm,B,360
R125,-71.8882mm,-97.5614mm,T,180
JP23,-72.2130mm,18.6199mm,T,180
JP5,-72.5052mm,-121.6516mm,T,360
C158,-72.8726mm,-38.3294mm,T,90
C154,-74.4474mm,-30.2395mm,B,90
R124,-74.8538mm,-97.5614mm,T,360
C109,-74.8538mm,-97.5614mm,B,180
C165,-75.1840mm,-11.7602mm,T,180
R131,-75.4634mm,-100.4570mm,T,90
R130,-76.3524mm,-103.0224mm,T,180
U14,-76.8096mm,-77.7685mm,T,90
U15,-76.8096mm,-90.6272mm,T,90
L24,-77.0642mm,-108.3129mm,T,90
R129,-77.1906mm,-100.4570mm,T,90
C108,-77.8942mm,-97.5614mm,B,360
R123,-77.8942mm,-97.5614mm,T,180
C163,-79.6290mm,-35.0569mm,B,360
C162,-79.6290mm,-33.3930mm,B,360
C161,-79.6290mm,-31.7211mm,B,360
C160,-79.6290mm,-30.3071mm,B,360
R122,-81.0082mm,-97.5614mm,T,360
C107,-81.0082mm,-97.5614mm,B,180
R128,-81.7118mm,-100.4570mm,T,90
C159,-82.2452mm,-26.0096mm,T,0
R127,-82.5754mm,-103.0224mm,T,180
L23,-83.0948mm,-108.3129mm,T,90
R120,-83.3628mm,-100.4570mm,T,90
C104,-83.8454mm,-82.3454mm,T,270
C105,-83.8454mm,-73.0504mm,T,90
C112,-83.8708mm,-87.3506mm,T,270
R121,-84.0562mm,-97.5614mm,T,180
C106,-84.0562mm,-97.5614mm,B,360
U21,-87.5792mm,-54.2036mm,T,270
R66,-88.2396mm,-97.5614mm,T,360
C75,-88.2396mm,-97.5614mm,B,180
R74,-88.9000mm,-100.4570mm,T,90
R73,-89.7890mm,-103.0224mm,T,180
L13,-90.4594mm,-108.3129mm,T,90
R72,-90.6526mm,-100.4570mm,T,90
C136,-90.8812mm,-48.8188mm,T,90
R65,-91.3192mm,-97.5614mm,T,180
C74,-91.3192mm,-97.5614mm,B,360
C137,-92.1512mm,-48.8188mm,T,90
JP1,-93.6906mm,-121.6516mm,T,360
R64,-94.2848mm,-97.5614mm,T,360
C73,-94.2848mm,-97.5614mm,B,180
R166,-94.3356mm,-54.4576mm,T,360
R165,-94.3356mm,-52.9496mm,T,360
R71,-94.8944mm,-100.4570mm,T,90
J2,-94.9960mm,28.2575mm,B,180
R70,-95.7834mm,-103.0224mm,T,180
U7,-96.2406mm,-90.6272mm,T,90
U6,-96.2406mm,-77.7685mm,T,90
L12,-96.4952mm,-108.3129mm,T,90
R69,-96.6216mm,-100.4570mm,T,90
R63,-97.3252mm,-97.5614mm,T,180
C72,-97.3252mm,-97.5614mm,B,360
R279,-99.9998mm,-53.4020mm,B,90
R267,-99.9998mm,-16.5354mm,B,90
R62,-100.4392mm,-97.5614mm,T,360
C71,-100.4392mm,-97.5614mm,B,180
R68,-101.1428mm,-100.4570mm,T,90
R280,-101.2698mm,-53.4020mm,T,90
R269,-101.2698mm,-2.8194mm,T,90
R268,-101.2698mm,-16.5354mm,T,90
R281,-101.2952mm,-39.7510mm,T,90
R67,-102.0064mm,-103.0224mm,T,180
L11,-102.5258mm,-108.3129mm,T,90
R282,-102.5398mm,-53.4020mm,B,90
R270,-102.5398mm,-16.5354mm,B,90
R60,-102.7938mm,-100.4570mm,T,90
R61,-103.4872mm,-97.5614mm,T,180
C70,-103.4872mm,-97.5614mm,B,360
C76,-103.6574mm,-86.8468mm,T,270
C69,-103.6574mm,-73.0340mm,T,90
C68,-103.6574mm,-82.3290mm,T,270
R283,-103.8098mm,-53.4020mm,T,90
R272,-103.8098mm,-2.8194mm,T,90
R271,-103.8098mm,-16.5354mm,T,90
R284,-103.8352mm,-39.7510mm,T,90
U30,-104.4448mm,-46.8376mm,T,270
U29,-104.4448mm,-9.9060mm,T,270
R285,-105.0798mm,-53.4020mm,B,90
R273,-105.0798mm,-16.5354mm,B,90
R286,-106.3498mm,-53.4020mm,T,90
R275,-106.3498mm,-2.8194mm,T,90
R274,-106.3498mm,-16.5354mm,T,90
R287,-106.3752mm,-39.7510mm,T,90
R288,-107.6198mm,-53.4020mm,B,90
R276,-107.6198mm,-16.5354mm,B,90
R81,-107.7722mm,-97.5614mm,T,360
C84,-107.7722mm,-97.5614mm,B,180
R89,-108.2294mm,-100.4570mm,T,90
R289,-108.8898mm,-53.4020mm,T,90
R278,-108.8898mm,-2.8194mm,T,90
R277,-108.8898mm,-16.5354mm,T,90
R290,-108.9152mm,-39.7510mm,T,90
R88,-109.1184mm,-103.0224mm,T,180
P33,-109.2880mm,18.8324mm,T,180
L16,-109.7888mm,-108.3129mm,T,90
R87,-109.9820mm,-100.4570mm,T,90
R80,-110.8202mm,-97.5614mm,T,180
C83,-110.8202mm,-97.5614mm,B,360
R79,-113.7158mm,-97.5614mm,T,360
C82,-113.7158mm,-97.5614mm,B,180
R86,-114.2238mm,-100.4570mm,T,90
JP2,-114.8760mm,-121.6516mm,T,360
R85,-115.1128mm,-103.0224mm,T,180
U9,-115.5700mm,-90.6272mm,T,90
U8,-115.5700mm,-77.7685mm,T,90
L15,-115.8246mm,-108.3129mm,T,90
R84,-115.9510mm,-100.4570mm,T,90
R55,-116.6114mm,-19.1770mm,T,90
R50,-116.6114mm,-22.4790mm,T,90
R46,-116.6114mm,-26.1620mm,T,90
R41,-116.6114mm,-29.3370mm,T,90
R34,-116.6622mm,-40.5130mm,T,90
R29,-116.6622mm,-43.8150mm,T,90
R25,-116.6622mm,-47.4980mm,T,90
R20,-116.6622mm,-50.6730mm,T,90
R78,-116.7638mm,-97.5614mm,T,180
C81,-116.7638mm,-97.5614mm,B,360
R58,-118.0719mm,-19.1770mm,B,270
R56,-118.0719mm,-19.1770mm,T,270
R53,-118.0719mm,-22.4790mm,B,270
R51,-118.0719mm,-22.4790mm,T,270
R49,-118.0719mm,-26.1620mm,B,270
R47,-118.0719mm,-26.1620mm,T,270
R44,-118.0719mm,-29.3370mm,B,270
R42,-118.0719mm,-29.3370mm,T,270
R37,-118.1227mm,-40.5130mm,B,270
R35,-118.1227mm,-40.5130mm,T,270
R32,-118.1227mm,-43.8150mm,B,270
R30,-118.1227mm,-43.8150mm,T,270
R28,-118.1227mm,-47.4980mm,B,270
R26,-118.1227mm,-47.4980mm,T,270
R23,-118.1227mm,-50.6730mm,B,270
R21,-118.1227mm,-50.6730mm,T,270
R77,-119.8042mm,-97.5614mm,T,360
C80,-119.8042mm,-97.5614mm,B,180
R83,-120.4722mm,-100.4570mm,T,90
C67,-120.8024mm,-19.1770mm,T,90
C65,-120.8024mm,-22.4790mm,T,90
C63,-120.8024mm,-26.1620mm,T,90
C61,-120.8024mm,-29.3370mm,T,90
C57,-120.8532mm,-40.5130mm,T,90
C55,-120.8532mm,-43.8150mm,T,90
C53,-120.8532mm,-47.4980mm,T,90
C51,-120.8532mm,-50.6730mm,T,90
R82,-121.3358mm,-103.0224mm,T,180
L14,-121.8552mm,-108.3129mm,T,90
R75,-122.1232mm,-100.4570mm,T,90
C189,-122.3518mm,-59.3852mm,T,0
C85,-122.7836mm,-82.3454mm,T,90
C78,-122.7836mm,-73.0504mm,T,90
C77,-122.7836mm,-87.2744mm,T,90
R76,-122.8166mm,-97.5614mm,T,180
C79,-122.8166mm,-97.5614mm,B,360
R54,-124.6124mm,-16.6624mm,T,90
R48,-124.6124mm,-29.5148mm,T,270
R33,-124.6632mm,-37.9984mm,T,90
R27,-124.6632mm,-50.8508mm,T,270
R52,-125.9205mm,-16.6624mm,T,90
R45,-125.9205mm,-29.5148mm,T,270
R31,-125.9713mm,-37.9984mm,T,90
R24,-125.9713mm,-50.8508mm,T,270
C64,-127.2286mm,-16.6624mm,T,270
C62,-127.2286mm,-29.5148mm,T,90
C54,-127.2794mm,-37.9984mm,T,270
C52,-127.2794mm,-50.8508mm,T,90
C141,-128.2192mm,-82.2960mm,B,90
C173,-128.2192mm,-70.8518mm,T,90
C172,-128.2192mm,-76.5048mm,T,90
C171,-128.2192mm,-82.2960mm,T,90
C170,-128.2192mm,-88.0364mm,T,90
C169,-128.2192mm,-93.7768mm,T,90
C168,-128.2192mm,-99.5538mm,T,90
R39,-128.7272mm,-32.1818mm,B,360
C60,-128.7272mm,-29.1338mm,B,360
C58,-128.7272mm,-30.6578mm,B,360
R18,-128.7780mm,-53.4924mm,B,0
C50,-128.7780mm,-51.9938mm,B,0
C48,-128.7780mm,-50.4698mm,B,0
U5,-128.8542mm,-23.5458mm,T,90
U4,-128.9050mm,-44.8818mm,T,90
P31,-129.6080mm,18.8324mm,T,180
R314,-129.7178mm,-70.8518mm,T,270
R312,-129.7178mm,-76.5048mm,T,270
R310,-129.7178mm,-82.2960mm,T,270
R308,-129.7178mm,-88.0364mm,T,270
R306,-129.7178mm,-93.7768mm,T,270
R304,-129.7178mm,-99.5538mm,T,270
C66,-130.2258mm,-16.6624mm,T,270
C59,-130.2258mm,-29.5148mm,T,90
C56,-130.2766mm,-37.9984mm,T,270
C49,-130.2766mm,-50.8508mm,T,90
C196,-130.9370mm,-96.8248mm,T,180
C191,-131.0640mm,-79.6798mm,T,180
R57,-131.5466mm,-16.6624mm,T,90
R40,-131.5466mm,-29.5148mm,T,270
R36,-131.5974mm,-37.9984mm,T,90
R19,-131.5974mm,-50.8508mm,T,270
R59,-132.8674mm,-16.6624mm,T,90
R43,-132.8674mm,-29.5148mm,T,270
R38,-132.9182mm,-37.9984mm,T,90
R22,-132.9182mm,-50.8508mm,T,270
U51,-136.0170mm,-97.0788mm,B,0
U41,-136.1186mm,-71.5518mm,T,360
U40,-136.1186mm,-77.1398mm,T,360
U39,-136.1186mm,-83.0580mm,T,360
U38,-136.1186mm,-88.7476mm,T,360
U37,-136.1186mm,-94.4372mm,T,360
U36,-136.1186mm,-100.1268mm,T,360
U50,-136.1440mm,-74.5744mm,B,0
U32,-136.2202mm,-86.0552mm,B,180
JP26,-136.3472mm,-127.2986mm,T,360
C198,-140.6906mm,-97.7392mm,B,270
C192,-140.8938mm,-75.1840mm,B,90
R315,-142.4686mm,-72.0598mm,T,90
R313,-142.4686mm,-77.5066mm,T,90
R311,-142.4686mm,-83.5152mm,T,90
R309,-142.4686mm,-89.2302mm,T,90
R307,-142.4686mm,-94.8436mm,T,90
R305,-142.4686mm,-100.6460mm,T,90
P11,-142.6718mm,-5.0292mm,T,180
P12,-142.6718mm,-0.0508mm,T,180
C190,-144.4498mm,-26.6700mm,T,0
R321,-144.5006mm,-50.1904mm,T,270
R328,-147.3058mm,-71.7550mm,T,360
R326,-147.3058mm,-77.2668mm,T,360
R324,-147.3058mm,-83.2358mm,T,360
R322,-147.3058mm,-88.9254mm,T,360
R318,-147.3058mm,-94.7674mm,T,360
R316,-147.3058mm,-100.3554mm,T,360
C186,-147.3058mm,-70.3580mm,T,180
C184,-147.3058mm,-75.8838mm,T,180
C180,-147.3058mm,-81.8134mm,T,180
C177,-147.3058mm,-87.4522mm,T,180
C175,-147.3058mm,-93.2688mm,T,180
C174,-147.3058mm,-98.8060mm,T,180
C181,-147.8026mm,-52.5780mm,T,360
C179,-147.8026mm,-51.3080mm,T,360
C185,-148.3546mm,-36.2966mm,T,180
C183,-148.3546mm,-34.7726mm,T,180
U31,-151.1046mm,-43.5864mm,T,90
JP15,-151.9836mm,27.8434mm,T,180
C182,-152.9080mm,-104.5464mm,B,90
C193,-153.8546mm,-36.2966mm,T,180
C187,-153.8546mm,-34.7726mm,T,180
C178,-154.4320mm,-52.8232mm,T,180
C176,-154.4320mm,-51.5532mm,T,180
U48,-155.3718mm,-71.5518mm,T,360
U47,-155.3718mm,-77.1398mm,T,360
U46,-155.3718mm,-83.0580mm,T,360
U44,-155.3718mm,-88.7476mm,T,360
U43,-155.3718mm,-94.4372mm,T,360
U42,-155.3718mm,-100.1268mm,T,360
U45,-155.4988mm,-97.1296mm,B,360
JP16,-157.4932mm,27.8434mm,T,180
JP25,-157.6747mm,-127.2986mm,T,360
R320,-158.5214mm,-50.7746mm,T,270
U20,-159.6390mm,-15.3670mm,T,270
R330,-162.6362mm,-72.0598mm,T,90
R327,-162.6362mm,-77.5066mm,T,90
R325,-162.6362mm,-83.5152mm,T,90
R323,-162.6362mm,-89.2302mm,T,90
R319,-162.6362mm,-94.8436mm,T,90
R317,-162.6362mm,-100.6460mm,T,90
JP17,-163.0028mm,27.8434mm,T,180
C134,-163.5760mm,-10.9220mm,T,90
R164,-164.7190mm,-15.4940mm,T,360
R163,-164.7190mm,-14.0970mm,T,360
C135,-164.9730mm,-10.9220mm,T,90
C206,-167.9956mm,-88.4682mm,T,270
C203,-168.3766mm,-78.0908mm,T,90
JP18,-168.5124mm,27.8434mm,T,180
P14,-170.7388mm,-37.1856mm,T,270
U53,-172.5930mm,-92.2274mm,T,360
U52,-172.8470mm,-78.1558mm,T,180
JP19,-174.0220mm,27.8434mm,T,180
C207,-176.9618mm,-92.2924mm,T,90
C201,-177.1396mm,-81.9008mm,T,270
JP14,-179.0023mm,-127.2986mm,T,360
JP20,-179.5316mm,27.8434mm,T,180
JP21,-185.0412mm,27.8434mm,T,180
C130,-187.7314mm,-5.9832mm,T,90
C124,-187.7314mm,-20.1818mm,T,90
R160,-188.8124mm,1.0668mm,T,180
R158,-188.8124mm,-2.7432mm,T,180
R154,-188.8124mm,-13.1318mm,T,180
R153,-188.8124mm,-14.4018mm,T,180
R151,-188.8124mm,-16.9418mm,T,180
C128,-189.4586mm,-5.9832mm,T,90
C122,-189.4586mm,-20.1818mm,T,90
JP22,-190.5508mm,27.8434mm,T,180
R249,-191.8208mm,-112.2172mm,T,180
R248,-191.8208mm,-110.9726mm,B,180
R246,-191.8208mm,-109.6772mm,T,180
R245,-191.8208mm,-108.4326mm,B,180
R243,-191.8208mm,-107.1372mm,T,180
R242,-191.8208mm,-105.8418mm,B,180
R240,-191.8208mm,-104.6226mm,T,180
R239,-191.8208mm,-103.3018mm,B,180
R221,-191.8208mm,-100.4316mm,T,180
R220,-191.8208mm,-99.2124mm,B,180
R218,-191.8208mm,-97.9678mm,T,180
R217,-191.8208mm,-96.6978mm,B,180
R215,-191.8208mm,-95.4024mm,T,180
R214,-191.8208mm,-94.1324mm,B,180
R212,-191.8208mm,-92.8370mm,T,180
R211,-191.8208mm,-91.5924mm,B,180
R193,-191.8208mm,-87.5030mm,T,180
R192,-191.8208mm,-86.2330mm,B,180
R190,-191.8208mm,-84.9630mm,T,180
R189,-191.8208mm,-83.7003mm,B,180
R187,-191.8208mm,-82.4230mm,T,180
R186,-191.8208mm,-81.1530mm,B,180
R184,-191.8208mm,-79.8830mm,T,180
R183,-191.8208mm,-78.6130mm,B,180
R264,-193.6928mm,-65.8622mm,T,180
R261,-193.6928mm,-68.4022mm,T,180
R258,-193.6928mm,-70.9422mm,T,180
R255,-193.6928mm,-73.4822mm,T,180
R236,-193.6928mm,-53.2892mm,T,180
R233,-193.6928mm,-55.8292mm,T,180
R230,-193.6928mm,-58.3692mm,T,180
R227,-193.6928mm,-60.9092mm,T,180
R208,-193.6928mm,-41.6052mm,T,180
R205,-193.6928mm,-44.1452mm,T,180
R202,-193.6928mm,-46.6852mm,T,180
R199,-193.6928mm,-49.2252mm,T,180
R180,-193.6928mm,-29.4132mm,T,180
R177,-193.6928mm,-31.9532mm,T,180
R174,-193.6928mm,-34.4932mm,T,180
R171,-193.6928mm,-37.0332mm,T,180
U19,-197.6374mm,-0.8382mm,T,180
U18,-197.6374mm,-15.0368mm,T,180
U27,-198.6534mm,-107.7598mm,T,0
U25,-198.6534mm,-96.0120mm,T,360
U23,-198.6534mm,-83.0580mm,T,0
JP13,-200.3298mm,-127.2986mm,T,360
U28,-201.3712mm,-69.0372mm,T,180
U26,-201.3712mm,-56.4642mm,T,180
U24,-201.3712mm,-44.7802mm,T,180
U22,-201.3712mm,-32.5882mm,T,180
D4,-204.8510mm,2.4638mm,B,180
D3,-204.8510mm,-4.1402mm,B,180
D2,-204.8510mm,-18.1356mm,B,180
D1,-204.8510mm,-11.7348mm,B,180
J1,-205.8416mm,28.2100mm,B,180
R162,-206.6544mm,0.4968mm,T,270
R157,-206.6544mm,-2.1732mm,T,270
R155,-206.6544mm,-16.3718mm,T,90
R152,-206.6544mm,-13.7018mm,T,90
C131,-206.6544mm,-5.9832mm,T,90
C125,-206.6544mm,-20.1168mm,T,90
R250,-206.7052mm,-112.2172mm,T,180
R247,-206.7052mm,-109.6648mm,T,180
R244,-206.7052mm,-107.1248mm,T,180
R241,-206.7052mm,-104.5848mm,T,180
R222,-206.7052mm,-100.4570mm,T,180
R219,-206.7052mm,-97.9170mm,T,180
R216,-206.7052mm,-95.3770mm,T,180
R213,-206.7052mm,-92.8370mm,T,180
R194,-206.7052mm,-87.5030mm,T,180
R191,-206.7052mm,-84.9630mm,T,180
R188,-206.7052mm,-82.4230mm,T,180
R185,-206.7052mm,-79.8830mm,T,180
C133,-208.1784mm,0.4968mm,T,90
C132,-208.1784mm,-2.1732mm,T,270
C129,-208.1784mm,-5.9832mm,T,90
C127,-208.1784mm,-16.3718mm,T,270
C126,-208.1784mm,-13.7018mm,T,90
C123,-208.1784mm,-20.1168mm,T,90
R262,-209.3468mm,-68.4022mm,T,180
R253,-209.3468mm,-68.4022mm,B,180
R266,-209.3474mm,-64.5922mm,T,180
R265,-209.3474mm,-65.8622mm,T,180
R263,-209.3474mm,-67.1322mm,T,180
R260,-209.3474mm,-69.6722mm,T,180
R259,-209.3474mm,-70.9422mm,T,180
R257,-209.3474mm,-72.2122mm,T,180
R256,-209.3474mm,-73.4822mm,T,180
R254,-209.3474mm,-65.8622mm,B,180
R252,-209.3474mm,-70.9422mm,B,180
R251,-209.3474mm,-73.4822mm,B,180
R238,-209.3474mm,-52.0192mm,T,180
R237,-209.3474mm,-53.2892mm,T,180
R235,-209.3474mm,-54.5592mm,T,180
R234,-209.3474mm,-55.8292mm,T,180
R232,-209.3474mm,-57.0992mm,T,180
R231,-209.3474mm,-58.3692mm,T,180
R229,-209.3474mm,-59.6392mm,T,180
R228,-209.3474mm,-60.9092mm,T,180
R226,-209.3474mm,-53.2892mm,B,180
R225,-209.3474mm,-55.8292mm,B,180
R224,-209.3474mm,-58.3692mm,B,180
R223,-209.3474mm,-60.9092mm,B,180
R210,-209.3474mm,-40.3352mm,T,180
R209,-209.3474mm,-41.6052mm,T,180
R207,-209.3474mm,-42.8752mm,T,180
R206,-209.3474mm,-44.1452mm,T,180
R204,-209.3474mm,-45.4152mm,T,180
R203,-209.3474mm,-46.6852mm,T,180
R201,-209.3474mm,-47.9552mm,T,180
R200,-209.3474mm,-49.2252mm,T,180
R198,-209.3474mm,-41.6052mm,B,180
R197,-209.3474mm,-44.1452mm,B,180
R196,-209.3474mm,-46.6852mm,B,180
R195,-209.3474mm,-49.2252mm,B,180
R182,-209.3474mm,-28.1432mm,T,180
R181,-209.3474mm,-29.4132mm,T,180
R179,-209.3474mm,-30.6832mm,T,180
R178,-209.3474mm,-31.9532mm,T,180
R176,-209.3474mm,-33.2232mm,T,180
R175,-209.3474mm,-34.4932mm,T,180
R173,-209.3474mm,-35.7632mm,T,180
R172,-209.3474mm,-37.0332mm,T,180
R170,-209.3474mm,-29.4132mm,B,180
R169,-209.3474mm,-31.9532mm,B,180
R168,-209.3474mm,-34.4932mm,B,180
R167,-209.3474mm,-37.0332mm,B,180
R161,-213.5378mm,0.4968mm,T,270
R159,-213.5378mm,-2.1732mm,T,90
R156,-213.5378mm,-16.3718mm,T,90
R150,-213.5378mm,-13.7018mm,T,270
P17,-221.8292mm,-84.7262mm,T,270
P22,-221.8292mm,-104.6861mm,T,270
P26,-221.8292mm,-124.6460mm,T,270
JP9,-230.2764mm,-57.9120mm,T,270
JP10,-230.2796mm,-69.9770mm,T,270
JP8,-230.2796mm,-46.0756mm,T,270
JP12,-230.3272mm,-1.5748mm,T,270
JP11,-230.3272mm,-15.8750mm,T,270
JP7,-230.3272mm,-33.9358mm,T,270
